{"loss": [1.3510819673538208, 0.41854825615882874, 0.2569163143634796, 0.17887860536575317, 0.1295648217201233, 0.10447467863559723, 0.08501894772052765, 0.07065847516059875, 0.061586473137140274, 0.05352392420172691], "accuracy": [0.6020342707633972, 0.8675296902656555, 0.9160110950469971, 0.9414467811584473, 0.9573084712028503, 0.9657158851623535, 0.972288191318512, 0.9766128659248352, 0.9802830815315247, 0.9825023412704468], "val_loss": [0.5537452101707458, 0.42516955733299255, 0.18331554532051086, 0.20173463225364685, 0.15131069719791412, 0.1470031887292862, 0.12345808744430542, 0.12995165586471558, 0.12451210618019104, 0.15083779394626617], "val_accuracy": [0.8269405961036682, 0.8682563304901123, 0.9410425424575806, 0.9334167838096619, 0.9511722922325134, 0.9520259499549866, 0.9606760740280151, 0.9593671560287476, 0.9639768004417419, 0.9603345990180969]}